Nombre_artista,Tipo,Nombre_cancion,Genero,Anio
Rauw Alejandro,track,El Efecto - Remix,pop,2019
Feid,track,LUNA,pop,2023
Sebastian Yatra,track,Vagabundo,pop,2023
Marta Santos,track,Algo Sencillito,pop,2023
La La Love You,track,El Fin del Mundo,pop,2020
Lady Gaga,track,Die With A Smile,pop,2024
Dani Fernández,track,Me has invitado a bailar,pop,2024
Billie Eilish,track,BIRDS OF A FEATHER,pop,2024
Shakira,track,Soltera,pop,2024
Benson Boone,track,Beautiful Things,pop,2024
La La Love You,track,El Principio de algo,pop,2023
Bizarrap,track,"Quevedo: Bzrp Music Sessions, Vol. 52",pop,2022
Leiva,track,Como Si Fueras a Morir Mañana,pop,2019
Dani Fernández,track,Bailemos,pop,2019
Manuel Turizo,track,La Bachata,pop,2022
Ozuna,track,Hey Mor,pop,2022
Lola Indigo,track,LA REINA,pop,2024
Manuel Carrasco,track,Salitre,pop,2023
Marta Santos,track,La Vida Entera,pop,2024
Marc Seguí,track,Tiroteo - Remix,pop,2021
Marta Santos,track,Las Cosas Pequeñitas,pop,2022
Viva Suecia,track,El Bien,pop,2022
Lola Indigo,track,EL TONTO,pop,2023
zzoilo,track,Mon Amour - Remix,pop,2021
Manuel Turizo,track,La Bachata,pop,2023
Lola Young,track,Messy,pop,2024
Chappell Roan,track,"Good Luck, Babe!",pop,2024
Rauw Alejandro,track,Desesperados,pop,2021
Miley Cyrus,track,Flowers,pop,2023
Danny Ocean,track,Me Rehúso,pop,2019
Feid,track,Feliz Cumpleaños Ferxxo,pop,2022
Rauw Alejandro,track,La Old Skul,pop,2021
Feid,track,Normal,pop,2022
Billie Eilish,track,WILDFLOWER,pop,2024
ROSALÍA,track,BESO,pop,2023
Rauw Alejandro,track,El Efecto,pop,2019
Tainy,track,MOJABI GHOST,pop,2023
Ozuna,track,Despeinada,pop,2020
Maluma,track,Hawái,pop,2020
Harry Styles,track,As It Was,pop,2022
Feid,track,SORRY 4 THAT MUCH,pop,2024
David Guetta,track,I'm Good (Blue),pop,2022
Rauw Alejandro,track,LOKERA,pop,2023
Emilia,track,No_se_ve.mp3,pop,2023
The Weeknd,track,Blinding Lights,pop,2020
Emilia,track,La_Original.mp3,pop,2023
Rauw Alejandro,track,Todo De Ti,pop,2021
Tainy,track,Adicto (with Anuel AA & Ozuna),pop,2019
Sabrina Carpenter,track,Taste,pop,2024
Boza,track,orióN,pop,2024
Lewis Capaldi,track,Someone You Loved,pop,2019
Gigi Perez,track,Sailor Song,pop,2024
Feid,track,CLASSY 101,pop,2023
Myles Smith,track,Stargazing,pop,2024
Danny Ocean,track,Fuera del mercado,pop,2022
Ozuna,track,Pa Ti Estoy,pop,2023
Dimitri Vegas & Like Mike,track,Thank You (Not So Bad),pop,2023
Feid,track,Ferxxo 100,pop,2022
Ovy On The Drums,track,Inolvidable,pop,2020
The Weeknd,track,"One Of The Girls (with JENNIE, Lily Rose Depp)",pop,2023
Benson Boone,track,Slow It Down,pop,2024
David Guetta,track,I Don't Wanna Wait,pop,2024
Camilo,track,Una Vida Pasada,pop,2024
d4vd,track,Feel It (From “Invincible”),pop,2024
Tate McRae,track,greedy,pop,2023
Sabrina Carpenter,track,Espresso,pop,2024
Dua Lipa,track,Houdini,pop,2024
Rauw Alejandro,track,Desenfocao',pop,2021
Olivia Rodrigo,track,drivers license,pop,2021
Benson Boone,track,In The Stars,pop,2024
Taylor Swift,track,Cruel Summer,pop,2019
Billie Eilish,track,CHIHIRO,pop,2024
Djo,track,End of Beginning,pop,2022
Maluma,track,Según Quién,pop,2023
Hozier,track,Too Sweet,pop,2024
Olivia Rodrigo,track,vampire,pop,2023
Mark Ambor,track,Belong Together,pop,2024
Billie Eilish,track,"What Was I Made For? [From The Motion Picture ""Barbie""]",pop,2023
Luis Fonsi,track,Despacito,pop,2019
The Weeknd,track,Save Your Tears,pop,2020
Boza,track,Hecha Pa' Mi,pop,2020
Harry Styles,track,Watermelon Sugar,pop,2019
David Guetta,track,Baby Don't Hurt Me,pop,2023
Maria Becerra,track,CORAZÓN VACÍO,pop,2023
Ofenbach,track,Overdrive (feat. Norma Jean Martine),pop,2023
Lewis Capaldi,track,Before You Go,pop,2019
Bizarrap,track,No soy Eterno,pop,2023
Jimin,track,Who,pop,2024
Billie Eilish,track,when the party's over,pop,2019
Dua Lipa,track,Training Season,pop,2024
Ed Sheeran,track,Shivers,pop,2021
Ed Sheeran,track,Bad Habits,pop,2021
Ariana Grande,track,we can't be friends (wait for your love),pop,2024
Dua Lipa,track,Dance The Night - From Barbie The Album,pop,2023
Mau y Ricky,track,Desconocidos,pop,2019
The Marías,track,No One Noticed,pop,2024
Adele,track,Easy On Me,pop,2021
Feid,track,Brickell,pop,2024
Sabrina Carpenter,track,Juno,pop,2024
Olivia Rodrigo,track,deja vu,pop,2021
Sabrina Carpenter,track,Please Please Please,pop,2024
Måneskin,track,I WANNA BE YOUR SLAVE,pop,2021
Benson Boone,track,Pretty Slowly,pop,2024
Post Malone,track,Circles,pop,2019
Billie Eilish,track,LUNCH,pop,2024
James Arthur,track,Car's Outside,pop,2019
Olivia Rodrigo,track,good 4 u,pop,2021
Glass Animals,track,Heat Waves,pop,2020
Kygo,track,Whatever,pop,2024
Zerb,track,Addicted,pop,2024
Billie Eilish,track,i love you,pop,2019
Billie Eilish,track,everything i wanted,pop,2019
OneRepublic,track,I Ain't Worried,pop,2022
Sabrina Carpenter,track,Bed Chem,pop,2024
Billie Eilish,track,TV,pop,2022
Benson Boone,track,NIGHTS LIKE THESE,pop,2022
Calvin Harris,track,My Way,pop,2024
Danny Ocean,track,Volare,pop,2022
Lana Del Rey,track,Cinnamon Girl,pop,2019
Billie Eilish,track,bad guy,pop,2019
Billie Eilish,track,Happier Than Ever,pop,2021
Sabrina Carpenter,track,Feather,pop,2023
Conan Gray,track,Heather,pop,2020
Tate McRae,track,you broke me first,pop,2021
cassö,track,Prada,pop,2023
Rema,track,Calm Down (with Selena Gomez),pop,2022
Emilia,track,Exclusive.mp3,pop,2023
Lana Del Rey,track,Say Yes To Heaven,pop,2023
Taylor Swift,track,Fortnight (feat. Post Malone),pop,2024
Taylor Swift,track,cardigan,pop,2020
David Guetta,track,Never Going Home Tonight (feat. Madison Love),pop,2024
Sabrina Carpenter,track,Nonsense,pop,2022
Olivia Rodrigo,track,happier,pop,2021
Taylor Swift,track,Lover,pop,2019
Noah Kahan,track,Stick Season,pop,2022
SYML,track,Where's My Love,pop,2019
Swedish House Mafia,track,Moth To A Flame (with The Weeknd),pop,2022
Chappell Roan,track,Pink Pony Club,pop,2023
Benson Boone,track,Ghost Town,pop,2024
Ariana Grande,track,7 rings,pop,2019
Billie Eilish,track,L’AMOUR DE MA VIE,pop,2024
Cigarettes After Sex,track,Cry,pop,2019
Dua Lipa,track,Levitating (feat. DaBaby),pop,2020
Taylor Swift,track,august,pop,2020
Doja Cat,track,Kiss Me More (feat. SZA),pop,2021
Dua Lipa,track,Illusion,pop,2024
twocolors,track,Cynical,pop,2024
Camila Cabello,track,Shameless,pop,2019
Shaboozey,track,A Bar Song (Tipsy),pop,2024
Lost Frequencies,track,Where Are You Now,pop,2021
Alex Warren,track,Carry You Home,pop,2024
Arcane,track,Ma Meilleure Ennemie (from the series Arcane League of Legends),pop,2024
Conan Gray,track,The Cut That Always Bleeds,pop,2020
Riton,track,Friday (feat. Mufasa & Hypeman) - Dopamine Re-Edit,pop,2021
Billie Eilish,track,THE GREATEST,pop,2024
The Weeknd,track,Dancing In The Flames,pop,2024
Jung Kook,track,Standing Next to You,pop,2023
Nicky Youre,track,Sunroof,pop,2023
Sonny Fodera,track,Somedays,pop,2024
Jung Kook,track,Seven (feat. Latto) (Explicit Ver.),pop,2023
Olivia Rodrigo,track,"jealousy, jealousy",pop,2021
Charli xcx,track,Guess featuring billie eilish,pop,2024
Doja Cat,track,Woman,pop,2021
Kali Uchis,track,telepatía,pop,2020
d4vd,track,Romantic Homicide,pop,2022
Charli xcx,track,party 4 u,pop,2020
Miley Cyrus,track,Angels Like You,pop,2020
Troye Sivan,track,Rush,pop,2023
James Hype,track,Ferrari,pop,2022
Billie Eilish,track,BLUE,pop,2024
Marshmello,track,Leave Before You Love Me (with Jonas Brothers),pop,2021
Jul,track,La bandite,pop,2019
Tate McRae,track,exes,pop,2023
Stray Kids,track,Chk Chk Boom,pop,2024
Charli xcx,track,Von dutch,pop,2024
Hotel Ugly,track,Shut up My Moms Calling,pop,2020
5 Seconds of Summer,track,Teeth,pop,2020
d4vd,track,Here With Me,pop,2023
Feid,track,CUAL ES ESA,pop,2023
Doja Cat,track,Streets,pop,2019
Swedish House Mafia,track,Heaven Takes You Home (feat. Connie Constance),pop,2022
Imanbek,track,Belly Dancer,pop,2022
Charli xcx,track,Apple,pop,2024
Justin Bieber,track,Ghost,pop,2021
Alok,track,LET'S GET FKD UP,pop,2023
Addison Rae,track,Diet Pepsi,pop,2024
Selena Gomez,track,Lose You To Love Me,pop,2020
Andy Grammer,track,Don't Give Up On Me,pop,2019
Tiësto,track,Mockingbird,pop,2024
Sean Paul,track,Get Busy - Odd Mob Club Mix,pop,2024
The Weeknd,track,After Hours,pop,2020
Halsey,track,Without Me,pop,2020
Maria Becerra,track,AGORA,pop,2024
Post Malone,track,Sunflower - Spider-Man: Into the Spider-Verse,pop,2019
SZA,track,Kill Bill,pop,2022
Lost Frequencies,track,Where Are You Now,pop,2023
The Weeknd,track,Popular (with Playboi Carti & Madonna) - From The Idol Vol. 1 (Music from the HBO Original Series),pop,2023
Billie Eilish,track,SKINNY,pop,2024
Post Malone,track,I Had Some Help (Feat. Morgan Wallen),pop,2024
Zerb,track,Mwaki,pop,2023
Charli xcx,track,360,pop,2024
Lana Del Rey,track,Margaret (feat. Bleachers),pop,2023
1da Banton,track,No Wahala,pop,2021
Calvin Harris,track,How Deep Is Your Love,pop,2024
The Weeknd,track,Is There Someone Else?,pop,2022
Lana Del Rey,track,Chemtrails Over The Country Club,pop,2021
Sabrina Carpenter,track,Good Graces,pop,2024
Chappell Roan,track,Red Wine Supernova,pop,2023
SZA,track,Snooze,pop,2022
Black Eyed Peas,track,GIRL LIKE ME,pop,2020
R3HAB,track,Rock My Body,pop,2023
La T y La M,track,Amor de Vago,pop,2024
Tory Lanez,track,The Color Violet,pop,2021
Eyedress,track,Something About You,pop,2021
Madison Beer,track,Make You Mine,pop,2024
Chappell Roan,track,Casual,pop,2023
Charli xcx,track,B2b,pop,2024
Wiz Khalifa,track,The Thrill,pop,2020
Maes,track,MAGIE,pop,2024
G-Eazy,track,Lady Killers II,pop,2024
beabadoobee,track,Real Man,pop,2024
Chappell Roan,track,HOT TO GO!,pop,2023
Kali Uchis,track,Moonlight,pop,2023
The Marías,track,Heavy,pop,2021
Charli xcx,track,365,pop,2024
ILLIT,track,Magnetic,pop,2024
Suki Waterhouse,track,Good Looking,pop,2022
RAYE,track,Oscar Winning Tears.,pop,2023
Billie Eilish,track,THE DINER,pop,2024
Robin Schulz,track,World Gone Wild (feat. Sam Martin),pop,2024
Jul,track,JCVD,pop,2019
Doja Cat,track,Paint The Town Red,pop,2023
beabadoobee,track,the perfect pair,pop,2022
Coldplay,track,WE PRAY,pop,2024
Jul,track,Sous la lune,pop,2019
LE SSERAFIM,track,CRAZY,pop,2024
PinkPantheress,track,Pain,pop,2021
Drake,track,Jimmy Cooks (feat. 21 Savage),pop,2022
Kenya Grace,track,Strangers,pop,2023
Marshmello,track,Miles On It,pop,2024
Ariana Grande,track,Stuck with U (with Justin Bieber),pop,2020
Lana Del Rey,track,Doin' Time,pop,2019
Soolking,track,Casanova,pop,2023
LAGOS,track,Mónaco,pop,2021
Coldplay,track,WE PRAY - Single Version,pop,2024
Ke Personajes,track,Pobre Corazón - En Vivo,pop,2023
Labrinth,track,Formula,pop,2019
Swedish House Mafia,track,Lioness,pop,2024
Eyedress,track,Jealous,pop,2019
Cigarettes After Sex,track,Heavenly,pop,2019
SDM,track,Bolide allemand,pop,2022
Jul,track,Oh qu'elle est belle,pop,2024
JAWNY,track,Honeypie,pop,2020
Jung Kook,track,Seven (feat. Latto),pop,2023
SZA,track,Open Arms (feat. Travis Scott),pop,2022
Duke Dumont,track,Ocean Drive,pop,2020
Drake,track,Chicago Freestyle (feat. Giveon),pop,2020
Noah Kahan,track,You’re Gonna Go Far,pop,2023
Clairo,track,Juna,pop,2024
ENHYPEN,track,Bite Me,pop,2023
Billie Eilish,track,NDA,pop,2021
Jung Kook,track,Seven (feat. Latto) (Clean Ver.),pop,2023
The Marías,track,Sienna,pop,2024
Lana Del Rey,track,Let The Light In (feat. Father John Misty),pop,2023
Ariana Grande,track,intro (end of the world),pop,2024
Jul,track,Pow pow,pop,2019
Videoclub,track,Roi,pop,2021
Hotel Ugly,track,Shut up My Moms Calling (Sped up),pop,2022
Jung Kook,track,Yes or No,pop,2023
Jack Harlow,track,Lovin On Me,pop,2023
beabadoobee,track,Glue Song,pop,2023
SZA,track,Good Days,pop,2022
Jung Kook,track,Still With You,pop,2020
Ke Personajes,track,Si No Te Tengo / Ángel / Aquello Que Pasó,pop,2021
Meghan Trainor,track,Criminals,pop,2024
Jung Kook,track,3D (feat. Jack Harlow),pop,2023
BABYMONSTER,track,SHEESH,pop,2024
Jimin,track,Like Crazy,pop,2023
Strawberry Guy,track,Mrs Magic,pop,2019
NewJeans,track,New Jeans,pop,2023
Leiva,track,Como Si Fueras a Morir Mañana,rock,2019
Arde Bogotá,track,La Salvación,rock,2023
Viva Suecia,track,El Bien,rock,2022
Arde Bogotá,track,Sin Vergüenza,rock,2022
MARLENA,track,Me Sabe Mal,rock,2023
ELYELLA,track,Que nada nos pare (lo más importante),rock,2022
Oques Grasses,track,SORT DE TU,rock,2024
Viva Suecia,track,No Hemos Aprendido Nada,rock,2022
Arde Bogotá,track,La Torre Picasso,rock,2024
David Bisbal,track,A Partir De Hoy,rock,2020
Disturbed,track,The Sound of Silence - CYRIL Remix,rock,2024
Arde Bogotá,track,Qué Vida Tan Dura,rock,2023
Viva Suecia,track,Justo Cuando El Mundo Apriete,rock,2022
Oques Grasses,track,La Gent Que Estimo,rock,2021
Arde Bogotá,track,Los Perros,rock,2023
Arde Bogotá,track,Antiaéreo,rock,2020
MARLENA,track,Gitana,rock,2021
David Bisbal,track,Si Tú La Quieres,rock,2020
Arde Bogotá,track,Exoplaneta,rock,2021
Viva Suecia,track,Lo Siento,rock,2022
Mikel Izal,track,El paraíso,rock,2023
MARLENA,track,te vas a inventar,rock,2024
Elton John,track,Cold Heart - PNAU Remix,rock,2021
Hozier,track,Too Sweet,rock,2024
Oques Grasses,track,Elefants,rock,2021
Leiva,track,No Te Preocupes por Mi,rock,2019
Viva Suecia,track,La Voz Del Presidente,rock,2023
Viva Suecia,track,Lo Que Te Mereces,rock,2019
Arde Bogotá,track,Cowboys de la A3,rock,2023
MARLENA,track,estaré millor demà,rock,2024
Pignoise,track,Cama Vacía,rock,2024
Mikel Izal,track,El grito,rock,2023
MARLENA,track,bailamorena,rock,2023
Arde Bogotá,track,Virtud y Castigo,rock,2020
Jarabe De Palo,track,Eso Que Tú Me Das,rock,2020
Shinova,track,Te debo una canción,rock,2021
Viva Suecia,track,Hablar De Nada,rock,2023
Hoobastank,track,The Reason,rock,2024
Oques Grasses,track,TOCA,rock,2024
Leiva,track,Sashimi,rock,2023
El Barrio,track,El Danzar De Las Mariposas,rock,2019
Guitarricadelafuente,track,Conticinio,rock,2020
Shinova,track,La sonrisa intacta,rock,2021
Måneskin,track,I WANNA BE YOUR SLAVE,rock,2021
Oques Grasses,track,Serem Ocells,rock,2019
Metallica,track,Enter Sandman - Remastered 2021,rock,2021
Glass Animals,track,Heat Waves,rock,2020
Oques Grasses,track,CÓRRER PELS CAMPS,rock,2024
Metallica,track,Nothing Else Matters - Remastered 2021,rock,2021
Imagine Dragons,track,Bones,rock,2022
Viva Suecia,track,La Orilla,rock,2024
MARLENA,track,Último Baile,rock,2024
Maki,track,Por eso te canto (feat. Erpeche),rock,2024
Mikel Izal,track,La fe,rock,2023
Arde Bogotá,track,Abajo,rock,2021
OneRepublic,track,I Ain't Worried,rock,2022
Imagine Dragons,track,Enemy (with JID) - from the series Arcane League of Legends,rock,2022
Arde Bogotá,track,El Beso,rock,2021
Julieta Venegas,track,A Donde Va El Viento,rock,2024
Dani Martín,track,El Último Día de Nuestras Vidas,rock,2024
Viva Suecia,track,Te Prometo,rock,2019
Guitarricadelafuente,track,Abc,rock,2019
El Barrio,track,Agua Fresca,rock,2019
Oques Grasses,track,Torno a Ser Jo,rock,2019
Miguel Campello,track,Me Quedo Contigo,rock,2021
Linkin Park,track,The Emptiness Machine,rock,2024
David Bisbal,track,Ajedrez,rock,2023
Veintiuno,track,La vida moderna (feat. Love of Lesbian),rock,2023
Arde Bogotá,track,Copilotos,rock,2023
Guitarricadelafuente,track,Agua y Mezcal,rock,2019
Miss Caffeina,track,Para toda la vida,rock,2023
Melendi,track,La Boca Junta,rock,2021
Vanesa Martín,track,He sido,rock,2023
Fito y Fitipaldis,track,Cielo hermético,rock,2021
Fondo Flamenco,track,Otra Lenta,rock,2023
Paula Mattheus,track,Viaje Sin Vuelta,rock,2021
Leiva,track,Superpoderes,rock,2019
Oques Grasses,track,In The Night,rock,2019
Arde Bogotá,track,Te Van a Hacer Cambiar,rock,2020
Oques Grasses,track,COM EL DIA I LA NIT,rock,2024
Maki,track,Volver a ser Romeo (feat. Galvan Real),rock,2021
OneRepublic,track,I Ain't Worried,rock,2024
Oques Grasses,track,MOLTA TRALLA,rock,2024
Viva Suecia,track,Alegría De Vivir,rock,2024
MARLENA,track,Fecha De Curiosidad,rock,2023
Melendi,track,Con Solo una Sonrisa,rock,2023
Shinova,track,"Si no es contigo (feat. Rafa Val, Viva Suecia)",rock,2023
Dorian,track,El temblor en el Liceu de Barcelona - En directo,rock,2023
Viva Suecia,track,El Mal,rock,2022
Leiva,track,Godzilla (feat. Enrique Bunbury & Ximena Sariñana),rock,2019
Oques Grasses,track,Sta Guai,rock,2019
MARLENA,track,amor de verano,rock,2024
Arcane,track,The Line (from the series Arcane League of Legends),rock,2024
Melendi,track,Con La Luna Llena,rock,2023
Despistaos,track,Mi accidente preferido (con Juancho Sidecars y Sidecars),rock,2020
Los Secretos,track,Pero a tu lado 2020,rock,2020
Ghost,track,Mary On A Cross,rock,2019
Måneskin,track,ZITTI E BUONI,rock,2021
Oques Grasses,track,Petar-ho,rock,2021
Imagine Dragons,track,Enemy (with JID) - from the series Arcane League of Legends,rock,2021
Oques Grasses,track,De Bonesh,rock,2021
Rawayana,track,Hora Loca,rock,2023
Måneskin,track,GOSSIP (feat. Tom Morello),rock,2023
Twenty One Pilots,track,Routines In The Night,rock,2024
Måneskin,track,CORALINE,rock,2021
Depeche Mode,track,Enjoy the Silence,rock,2022
Imagine Dragons,track,Eyes Closed,rock,2024
Rammstein,track,Deutschland,rock,2019
Måneskin,track,BABY SAID,rock,2023
Linkin Park,track,Heavy Is the Crown,rock,2024
Imagine Dragons,track,Follow You,rock,2022
Queen,track,I Want It All - Single Version,rock,2022
Elton John,track,Hold Me Closer,rock,2022
Freddie Mercury,track,Living On My Own - No More Brothers Radio Mix,rock,2019
Twenty One Pilots,track,Navigating,rock,2024
Rawayana,track,Binikini,rock,2023
Metallica,track,The Unforgiven - Remastered 2021,rock,2021
OneRepublic,track,Run,rock,2021
Julieta Venegas,track,A Donde Va El Viento (Canción de la Serie Original de Prime),rock,2024
Måneskin,track,THE LONELIEST,rock,2023
David Bisbal,track,Me Enamoré De Ti,rock,2021
Rawayana,track,Dame Un Break,rock,2023
Imagine Dragons,track,Wake Up,rock,2024
Rawayana,track,Feriado,rock,2023
The Beatles,track,Hey Jude - 2015 Mix,rock,2023
House Of Pain,track,Jump Around - 30 Years Remaster,rock,2022
Twenty One Pilots,track,Next Semester,rock,2024
Phil Collins,track,"You'll Be In My Heart - From ""Tarzan""/Soundtrack Version",rock,2021
Imagine Dragons,track,Enemy - From the series Arcane League of Legends,rock,2021
The Black Keys,track,Howlin' for You,rock,2020
Dayglow,track,Can I Call You Tonight?,rock,2019
The 1975,track,About You,rock,2022
Imagine Dragons,track,Wrecked,rock,2022
Twenty One Pilots,track,Backslide,rock,2024
The Strokes,track,Selfless,rock,2020
OneRepublic,track,Sunshine,rock,2024
Bee Gees,track,Stayin Alive,rock,2020
Royel Otis,track,Oysters In My Pocket,rock,2022
Mother Mother,track,Hayloft II,rock,2022
Ozzy Osbourne,track,Crazy Train,rock,2020
Imagine Dragons,track,Nice to Meet You,rock,2024
Gorillaz,track,Tormenta (feat. Bad Bunny),rock,2023
Twenty One Pilots,track,Vignette,rock,2024
Don Henley,track,The Boys Of Summer - Remastered 2024,rock,2024
Metallica,track,Sad But True - Remastered 2021,rock,2021
OneRepublic,track,Sunshine,rock,2021
Twenty One Pilots,track,Overcompensate,rock,2024
Arcane,track,Sucker (from the series Arcane League of Legends),rock,2024
Eve,track,Kaikai Kitan,rock,2020
Twenty One Pilots,track,Midwest Indigo,rock,2024
Empire Of The Sun,track,We Are The People - southstar Remix,rock,2023
LiSA,track,紅蓮華,rock,2020
Elton John,track,Hold Me Closer,rock,2021
Måneskin,track,HONEY (ARE U COMING?),rock,2023
Bring Me The Horizon,track,Kingslayer (feat. BABYMETAL),rock,2020
Måneskin,track,SUPERMODEL,rock,2023
Måneskin,track,THE LONELIEST,rock,2022
BABYMETAL,track,RATATATA,rock,2024
Twenty One Pilots,track,Shy Away,rock,2021
Procol Harum,track,A Whiter Shade of Pale - Original Single Version,rock,2019
Maná,track,Te Lloré Un Río,rock,2022
Twenty One Pilots,track,Paladin Strait,rock,2024
Måneskin,track,MAMMAMIA,rock,2023
Yeah Yeah Yeahs,track,Heads Will Roll - A-Trak Remix Radio Edit,rock,2019
Gorillaz,track,New Gold (feat. Tame Impala and Bootie Brown),rock,2023
Imagine Dragons,track,Take Me to the Beach,rock,2024
Twenty One Pilots,track,Lavish,rock,2024
Måneskin,track,SUPERMODEL,rock,2022
YUNGBLUD,track,Abyss - from Kaiju No. 8,rock,2024
Rammstein,track,Ausländer,rock,2019
Imagine Dragons,track,Lonely,rock,2022
Twenty One Pilots,track,Mulberry Street,rock,2021
Slipknot,track,Unsainted,rock,2019
Måneskin,track,VALENTINE,rock,2023
Royel Otis,track,Linger - SiriusXM Session,rock,2024
The Strokes,track,Ode To The Mets,rock,2020
Måneskin,track,THE DRIVER,rock,2023
Sting,track,What Could Have Been (from the series Arcane League of Legends),rock,2021
The Neighbourhood,track,Pretty Boy,rock,2020
The Black Keys,track,Tighten Up,rock,2020
YUNGBLUD,track,I Was Made For Lovin’ You - from The Fall Guy,rock,2024
Tame Impala,track,Is It True,rock,2020
Dominic Fike,track,misses,rock,2024
Måneskin,track,OFF MY FACE,rock,2023
Bring Me The Horizon,track,DArkSide,rock,2024
Fontaines D.C.,track,Starburster,rock,2024
Rammstein,track,Radio,rock,2019
Hozier,track,Would That I,rock,2019
No Te Va Gustar,track,Chau,rock,2019
Imagine Dragons,track,In Your Corner,rock,2024
Duran Duran,track,INVISIBLE,rock,2021
Los Fabulosos Cadillacs,track,Matador - Remasterizado 2008,rock,2021
OneRepublic,track,Rescue Me,rock,2021
Imagine Dragons,track,Demons - Live in Vegas,rock,2023
Måneskin,track,MAMMAMIA,rock,2021
The Lumineers,track,Gloria,rock,2019
Linkin Park,track,Lost,rock,2023
Tame Impala,track,One More Hour,rock,2020
RADWIMPS,track,Suzume,rock,2022
Twenty One Pilots,track,At The Risk Of Feeling Dumb,rock,2024
Yeah Yeah Yeahs,track,Spitting Off the Edge of the World,rock,2022
Rawayana,track,Besos Ricos,rock,2023
Vance Joy,track,Missing Piece,rock,2021
Måneskin,track,FOR YOUR LOVE,rock,2021
Måneskin,track,VENT'ANNI,rock,2021
Måneskin,track,TIMEZONE,rock,2023
MAN WITH A MISSION,track,絆ノ奇跡,rock,2023
Hozier,track,Almost (Sweet Music),rock,2019
Jack Black,track,Peaches,rock,2023
Imagine Dragons,track,My Life,rock,2022
Hozier,track,Movement,rock,2019
OneRepublic,track,Nobody - from Kaiju No. 8,rock,2024
RAT BOY,track,Who's Ready for Tomorrow,rock,2020
Royel Otis,track,Kool Aid,rock,2023
OneRepublic,track,Rescue Me,rock,2019
Joey Valence & Brae,track,PUNK TACTICS,rock,2023
The Rolling Stones,track,She's A Rainbow,rock,2023
The Score,track,Born For This,rock,2020
Slipknot,track,Nero Forte,rock,2019
Mrs. GREEN APPLE,track,インフェルノ,rock,2019
No Te Va Gustar,track,De Nada Sirve,rock,2019
Royel Otis,track,Murder on the Dancefloor - triple j Like A Version,rock,2024
Bring Me The Horizon,track,Kool-Aid,rock,2024
The Beatles,track,Now And Then,rock,2023
Linkin Park,track,Fighting Myself,rock,2023
Bee Gees,track,More Than A Woman - SG's Paradise Edit,rock,2021
Metallica,track,Wherever I May Roam - Remastered 2021,rock,2021
Tame Impala,track,Lost In Yesterday,rock,2020
Tom Petty,track,Runnin' Down A Dream,rock,2019
The Strokes,track,Why Are Sundays So Depressing,rock,2020
Rawayana,track,Incomprendido,rock,2023
Hombres G,track,Te quiero,rock,2024
Big Thief,track,Vampire Empire,rock,2023
Fontaines D.C.,track,Bug,rock,2024
Miranda!,track,Perfecta (Versión 2023),rock,2023
OneRepublic,track,RUNAWAY,rock,2023
Måneskin,track,READ YOUR DIARY,rock,2023
NAFTA,track,Andate,rock,2023
Aimer,track,残響散歌,rock,2021
Rammstein,track,Zeig dich,rock,2019
Rawayana,track,CAMINAAANDO,rock,2022
Rammstein,track,Dicke Titten,rock,2022
YUNGBLUD,track,parents,rock,2020
Hozier,track,Eat Your Young,rock,2023
Imagine Dragons,track,Symphony,rock,2022
Fontaines D.C.,track,Favourite,rock,2024
Rammstein,track,Angst,rock,2022
Jesús Adrián Romero,track,Se Quedó Conmigo,rock,2019
Turf,track,Pasos Al Costado,rock,2024
Wet Leg,track,Wet Dream,rock,2022
Bring Me The Horizon,track,liMOusIne (feat. AURORA),rock,2024
The Strokes,track,Brooklyn Bridge To Chorus,rock,2020
Royel Otis,track,Sofa King,rock,2023
LOUTA,track,QUEREME,rock,2022
PUBLIC,track,Make You Mine,rock,2019
El Zar,track,La Declaración,rock,2020
Rammstein,track,Armee der Tristen,rock,2022
The Rolling Stones,track,She's A Rainbow,rock,2020
Foster The People,track,Imagination,rock,2019
Imagine Dragons,track,Children of the Sky (a Starfield song),rock,2023
Generación 12,track,Quiero Conocer a Jesús (Yeshua) / Nuestro Dios,rock,2022
Miranda!,track,Uno los Dos,rock,2023
Imagine Dragons,track,Waves,rock,2022
Milky Chance,track,Living In A Haze,rock,2023
Rawayana,track,La Tormenta,rock,2023
The Neighbourhood,track,Fallen Star,rock,2021
The Offspring,track,Let The Bad Times Roll,rock,2021
Rawayana,track,Caney,rock,2021
Volbeat,track,Shotgun Blues,rock,2021
Skindred,track,Gimme That Boom,rock,2023
Anıl Emre Daldal,track,M.,rock,2020
Caramelos De Cianuro,track,Sanitarios,rock,2024
Bring Me The Horizon,track,Teardrops,rock,2020
Generación 12,track,Vuelvo a Casa,rock,2021
El Kuelgue,track,Carta Para No Llorar,rock,2023
TOOL,track,Pneuma,rock,2019
Milky Chance,track,Synchronize,rock,2022
Airbag,track,Nunca Lo Olvides,rock,2023
Big Thief,track,Simulation Swarm,rock,2022
Richy Mitch & The Coal Miners,track,Evergreen (feat. Caamp),rock,2024
Joey Valence & Brae,track,HOOLIGANG,rock,2023
We Came As Romans,track,Black Hole,rock,2022
Papa Roach,track,Kill The Noise,rock,2022
Serú Girán,track,Seminare - 2021 Remasterizado,rock,2021
Linkin Park,track,New Divide,rock,2024
Leiva,track,Como Si Fueras a Morir Mañana,indie,2019
Arde Bogotá,track,La Salvación,indie,2023
Viva Suecia,track,El Bien,indie,2022
Chappell Roan,track,"Good Luck, Babe!",indie,2024
Arde Bogotá,track,Sin Vergüenza,indie,2022
ELYELLA,track,Que nada nos pare (lo más importante),indie,2022
Siloé,track,Todos los Besos,indie,2023
Oques Grasses,track,SORT DE TU,indie,2024
Viva Suecia,track,No Hemos Aprendido Nada,indie,2022
Arde Bogotá,track,La Torre Picasso,indie,2024
Arde Bogotá,track,Qué Vida Tan Dura,indie,2023
Viva Suecia,track,Justo Cuando El Mundo Apriete,indie,2022
Oques Grasses,track,La Gent Que Estimo,indie,2021
Arde Bogotá,track,Los Perros,indie,2023
Arde Bogotá,track,Antiaéreo,indie,2020
Arde Bogotá,track,Exoplaneta,indie,2021
Viva Suecia,track,Hablar De Nada,indie,2022
Viva Suecia,track,Lo Siento,indie,2022
Siloé,track,Que Merezca la Pena,indie,2023
Siloé,track,"Si Me Necesitas, Llámame",indie,2023
Djo,track,End of Beginning,indie,2022
Hozier,track,Too Sweet,indie,2024
Oques Grasses,track,Elefants,indie,2021
Leiva,track,No Te Preocupes por Mi,indie,2019
Viva Suecia,track,La Voz Del Presidente,indie,2023
Disclosure,track,You & Me - Rivo Remix,indie,2023
Arde Bogotá,track,Cariño,indie,2021
Siloé,track,Esa Estrella,indie,2023
Robe,track,Nada que perder,indie,2023
Viva Suecia,track,Lo Que Te Mereces,indie,2019
Arde Bogotá,track,Cowboys de la A3,indie,2023
Love of Lesbian,track,Contradicción,indie,2024
Arde Bogotá,track,Virtud y Castigo,indie,2020
Shinova,track,Te debo una canción,indie,2021
The Marías,track,No One Noticed,indie,2024
Viva Suecia,track,Hablar De Nada,indie,2023
Travis Birds,track,Contigo,indie,2024
Oques Grasses,track,TOCA,indie,2024
Robe,track,Puntos suspensivos,indie,2023
Leiva,track,Sashimi,indie,2023
Shinova,track,La sonrisa intacta,indie,2021
Måneskin,track,I WANNA BE YOUR SLAVE,indie,2021
Oques Grasses,track,Serem Ocells,indie,2019
Rigoberta Bandini,track,A ver qué pasa - Estrella Damm 2021,indie,2021
Glass Animals,track,Heat Waves,indie,2020
La Fúmiga,track,JA DORMIRÉ,indie,2024
Oques Grasses,track,CÓRRER PELS CAMPS,indie,2024
Robe,track,El hombre pájaro,indie,2023
Love of Lesbian,track,La hermandad,indie,2024
Arde Bogotá,track,Big Bang,indie,2020
Viva Suecia,track,La Orilla,indie,2024
Arde Bogotá,track,Abajo,indie,2021
La Fúmiga,track,Cap. 2: Havia de Passar,indie,2020
Arde Bogotá,track,El Beso,indie,2021
Love of Lesbian,track,La Champions y el Mundial (feat. Leiva),indie,2024
Alcalá Norte,track,La Vida Cañón,indie,2024
Travis Birds,track,Grillos,indie,2023
Conan Gray,track,Heather,indie,2020
Viva Suecia,track,Te Prometo,indie,2019
Surf Curse,track,Freaks,indie,2021
Noah Kahan,track,Stick Season,indie,2022
Oques Grasses,track,Torno a Ser Jo,indie,2019
SYML,track,Where's My Love,indie,2019
Chappell Roan,track,Pink Pony Club,indie,2023
Cigarettes After Sex,track,Cry,indie,2019
Veintiuno,track,La vida moderna (feat. Love of Lesbian),indie,2023
Arde Bogotá,track,Copilotos,indie,2023
Siloé,track,Nada Que Se Parezca a Ti,indie,2022
Robe,track,A la orilla del río,indie,2023
Miss Caffeina,track,Para toda la vida,indie,2023
Robe,track,Interludio,indie,2021
La Fúmiga,track,COVARDS,indie,2024
Conan Gray,track,The Cut That Always Bleeds,indie,2020
Lori Meyers,track,Hacerte Volar,indie,2021
La Fúmiga,track,Mediterrània,indie,2019
Leiva,track,Superpoderes,indie,2019
Oques Grasses,track,In The Night,indie,2019
BANNERS,track,Someone To You,indie,2019
Arde Bogotá,track,Te Van a Hacer Cambiar,indie,2020
Mitski,track,My Love Mine All Mine,indie,2023
Oques Grasses,track,COM EL DIA I LA NIT,indie,2024
Oques Grasses,track,MOLTA TRALLA,indie,2024
Viva Suecia,track,Alegría De Vivir,indie,2024
Shinova,track,"Si no es contigo (feat. Rafa Val, Viva Suecia)",indie,2023
Dorian,track,El temblor en el Liceu de Barcelona - En directo,indie,2023
Viva Suecia,track,El Mal,indie,2022
Robe,track,El poder del arte,indie,2023
Hotel Ugly,track,Shut up My Moms Calling,indie,2020
Oques Grasses,track,Sta Guai,indie,2019
Niña Polaca,track,Mucho tiempo contigo,indie,2023
Ginestà,track,Només viure,indie,2024
Lykke Li,track,I Follow Rivers - The Magician Remix,indie,2021
Arcane,track,The Line (from the series Arcane League of Legends),indie,2024
Jungle,track,Back On 74,indie,2023
Ralphie Choo,track,GATA,indie,2023
Siloé,track,La Oposición,indie,2023
Kevin Kaarl,track,San Lucas,indie,2019
Kevin Kaarl,track,Vámonos a Marte,indie,2019
Måneskin,track,ZITTI E BUONI,indie,2021
New West,track,Those Eyes,indie,2023
Ravyn Lenae,track,Love Me Not,indie,2024
Chappell Roan,track,Red Wine Supernova,indie,2023
Surf Curse,track,Disco,indie,2019
Eyedress,track,Something About You,indie,2021
Chappell Roan,track,Casual,indie,2023
Måneskin,track,GOSSIP (feat. Tom Morello),indie,2023
Twenty One Pilots,track,Routines In The Night,indie,2024
G-Eazy,track,Lady Killers II,indie,2024
beabadoobee,track,Real Man,indie,2024
Chappell Roan,track,HOT TO GO!,indie,2023
Måneskin,track,CORALINE,indie,2021
The Marías,track,Lejos de Ti,indie,2024
The Marías,track,Heavy,indie,2021
Suki Waterhouse,track,Good Looking,indie,2022
HUMBE,track,KINTSUGI,indie,2024
Cafuné,track,Tek It,indie,2021
Chappell Roan,track,Femininomenon,indie,2023
New West,track,Those Eyes,indie,2019
Disclosure,track,"She’s Gone, Dance On",indie,2024
Lizzy McAlpine,track,ceilings,indie,2022
Liana Flores,track,rises the moon,indie,2019
beabadoobee,track,the perfect pair,indie,2022
Kevin Kaarl,track,Colapso,indie,2019
Måneskin,track,BABY SAID,indie,2023
Labrinth,track,Mount Everest,indie,2019
Conan Gray,track,Memories,indie,2022
Paul Russell,track,Lil Boo Thang,indie,2023
Rio Romeo,track,Nothing's New,indie,2022
Twenty One Pilots,track,Navigating,indie,2024
WOS,track,ARRANCÁRMELO,indie,2022
JVKE,track,golden hour,indie,2022
Måneskin,track,THE LONELIEST,indie,2023
Labrinth,track,Formula,indie,2019
AnnenMayKantereit,track,Tom's Diner,indie,2019
Eyedress,track,Jealous,indie,2019
Cigarettes After Sex,track,Heavenly,indie,2019
JAWNY,track,Honeypie,indie,2020
Khruangbin,track,Texas Sun,indie,2020
Blanco White,track,Olalla,indie,2020
Videoclub,track,Amour plastique,indie,2021
Noah Kahan,track,You’re Gonna Go Far,indie,2023
Clairo,track,Juna,indie,2024
Sub Urban,track,Cradles,indie,2019
Twenty One Pilots,track,Next Semester,indie,2024
The Black Keys,track,Howlin' for You,indie,2020
Dayglow,track,Can I Call You Tonight?,indie,2019
The Marías,track,Sienna,indie,2024
The 1975,track,About You,indie,2022
Twenty One Pilots,track,Backslide,indie,2024
WOS,track,MELÓN VINO,indie,2019
Royel Otis,track,Oysters In My Pocket,indie,2022
Gregory Alan Isakov,track,Sweet Heat Lightning,indie,2023
Mother Mother,track,Hayloft II,indie,2022
Coyote Theory,track,This Side of Paradise,indie,2020
Arcane,track,Fantastic (from the series Arcane League of Legends),indie,2024
Twenty One Pilots,track,Vignette,indie,2024
Cafuné,track,Tek It - Sped Up,indie,2019
SAULT,track,Wildfires,indie,2020
JVKE,track,this is what falling in love feels like,indie,2022
Videoclub,track,Roi,indie,2021
Hotel Ugly,track,Shut up My Moms Calling (Sped up),indie,2022
Leon Thomas,track,MUTT,indie,2024
Clairo,track,Bags,indie,2019
Twenty One Pilots,track,Overcompensate,indie,2024
beabadoobee,track,Glue Song,indie,2023
Twenty One Pilots,track,Midwest Indigo,indie,2024
Clairo,track,Sofia,indie,2019
Empire Of The Sun,track,We Are The People - southstar Remix,indie,2023
Kevin Kaarl,track,Abrazado a Ti,indie,2019
Cults,track,Gilded Lily,indie,2022
WOS,track,ARRANCÁRMELO,indie,2024
Wallows,track,Are You Bored Yet? (feat. Clairo),indie,2019
Tom Walker,track,Leave a Light On,indie,2019
Arcane,track,Wasteland (from the series Arcane League of Legends),indie,2024
Noah Kahan,track,False Confidence,indie,2019
The Marías,track,Run Your Mouth,indie,2024
Måneskin,track,HONEY (ARE U COMING?),indie,2023
Chappell Roan,track,Naked In Manhattan,indie,2023
Måneskin,track,SUPERMODEL,indie,2023
WOS,track,CANGURO,indie,2019
Måneskin,track,THE LONELIEST,indie,2022
Twenty One Pilots,track,Shy Away,indie,2021
Adrianne Lenker,track,forwards beckon rebound,indie,2020
Arizona Zervas,track,ROXANNE,indie,2019
Conan Gray,track,Maniac,indie,2020
Labrinth,track,All For Us,indie,2019
Noah Kahan,track,Dial Drunk (with Post Malone),indie,2023
Adrianne Lenker,track,anything,indie,2020
Peces Raros,track,Cicuta - Remix,indie,2022
Labrinth,track,Still Don't Know My Name,indie,2019
Sara Kays,track,Remember That Night?,indie,2020
Jungle,track,I've Been In Love,indie,2023
Jungle,track,Let's Go Back,indie,2024
WOS,track,OKUPA,indie,2019
Conan Gray,track,Family Line,indie,2022
Twenty One Pilots,track,Paladin Strait,indie,2024
Måneskin,track,MAMMAMIA,indie,2023
Yeah Yeah Yeahs,track,Heads Will Roll - A-Trak Remix Radio Edit,indie,2019
Adrianne Lenker,track,"not a lot, just forever",indie,2020
WOS,track,ALMA DINAMITA,indie,2020
M83,track,Solitude - Felsmann + Tiley Reinterpretation,indie,2020
Conan Gray,track,Astronomy,indie,2022
Twenty One Pilots,track,Lavish,indie,2024
Chappell Roan,track,My Kink Is Karma,indie,2023
Cigarettes After Sex,track,You're All I Want,indie,2020
Ravyn Lenae,track,Love Me Not (feat. Rex Orange County),indie,2024
Justice,track,Neverender,indie,2024
JVKE,track,her,indie,2024
Cigarettes After Sex,track,Touch,indie,2019
Måneskin,track,SUPERMODEL,indie,2022
YUNGBLUD,track,Abyss - from Kaiju No. 8,indie,2024
Cigarettes After Sex,track,Falling In Love,indie,2019
Twenty One Pilots,track,Mulberry Street,indie,2021
Måneskin,track,VALENTINE,indie,2023
FINNEAS,track,Let's Fall in Love for the Night,indie,2019
Royel Otis,track,Linger - SiriusXM Session,indie,2024
La Roux,track,Bulletproof,indie,2021
Noah Kahan,track,"Everywhere, Everything (with Gracie Abrams)",indie,2024
Jósean Log,track,Alguien Como Tú,indie,2019
SAULT,track,Why Why Why Why Why,indie,2019
Lewis OfMan,track,Siesta Freestyle,indie,2021
Alec Benjamin,track,Devil Doesn’t Bargain,indie,2022
Måneskin,track,THE DRIVER,indie,2023
The Black Keys,track,Tighten Up,indie,2020
Phoebe Bridgers,track,I Know The End,indie,2020
Paco Amoroso,track,Mi Deseo,indie,2020
Jungle,track,Candle Flame,indie,2023
beabadoobee,track,A Night To Remember,indie,2023
FINNEAS,track,For Cryin' Out Loud!,indie,2024
Moderat,track,More Love - Rampa &ME Remix,indie,2023
Clairo,track,Sexy to Someone,indie,2024
YUNGBLUD,track,I Was Made For Lovin’ You - from The Fall Guy,indie,2024
Dominic Fike,track,misses,indie,2024
Cafuné,track,Tek It,indie,2019
Måneskin,track,OFF MY FACE,indie,2023
Ellie Goulding,track,Hate Me,indie,2020
boygenius,track,Not Strong Enough,indie,2023
Fontaines D.C.,track,Starburster,indie,2024
Hozier,track,Would That I,indie,2019
LEISURE,track,Slipping Away,indie,2021
beabadoobee,track,the way things go,indie,2023
Eyedress,track,Romantic Lover,indie,2020
Lizzy McAlpine,track,Spring Into Summer,indie,2024
WOS,track,CONTANDO OVEJAS,indie,2021
Noah Kahan,track,All My Love,indie,2022
Kevin Kaarl,track,me va a costar,indie,2023
Rachel Chinouriri,track,All I Ever Asked,indie,2024
Måneskin,track,MAMMAMIA,indie,2021
Arcane,track,Hellfire (from the series Arcane League of Legends),indie,2024
RÜFÜS DU SOL,track,On My Knees,indie,2021
Jungle,track,Keep Moving,indie,2021
Noah Kahan,track,Northern Attitude,indie,2022
AJR,track,World's Smallest Violin,indie,2021
Conan Gray,track,People Watching,indie,2022
girl in red,track,bad idea!,indie,2019
TV Girl,track,It Almost Worked,indie,2020
Jitwam,track,Opendoors,indie,2019
FINNEAS,track,Break My Heart Again,indie,2020
Twenty One Pilots,track,At The Risk Of Feeling Dumb,indie,2024
The Marías,track,Paranoia,indie,2024
Ocie Elliott,track,Like a River,indie,2021
Twenty One Pilots,track,Oldies Station,indie,2024
Σtella,track,Charmed,indie,2022
HUMBE,track,AMOR DE CINE,indie,2021
Yeah Yeah Yeahs,track,Spitting Off the Edge of the World,indie,2022
The Last Dinner Party,track,Nothing Matters,indie,2024
Ethel Cain,track,American Teenager,indie,2022
Måneskin,track,FOR YOUR LOVE,indie,2021
KAYTRANADA,track,Intimidated (feat. H.E.R.),indie,2021
Kevin Kaarl,track,Si Supieras,indie,2019
Ed Maverick,track,Ropa De Bazar,indie,2019
ROLE MODEL,track,Look At That Woman,indie,2024
Noah Kahan,track,Northern Attitude (with Hozier),indie,2023
Kevin Kaarl,track,te quiero tanto,indie,2022
Måneskin,track,VENT'ANNI,indie,2021
Hozier,track,Almost (Sweet Music),indie,2019
Patrick Watson,track,Lost With You,indie,2020
Winter Aid,track,The Wisp Sings,indie,2023
Noah Kahan,track,Call Your Mom,indie,2023
New West,track,Those Eyes - Sped Up,indie,2022
Faye Webster,track,Kingston,indie,2019
Hozier,track,Movement,indie,2019
KAROL G,track,Si Antes Te Hubiera Conocido,reggae,2024
Rauw Alejandro,track,El Efecto - Remix,reggae,2019
Feid,track,LUNA,reggae,2023
Sebastian Yatra,track,Vagabundo,reggae,2023
JHAYCO,track,No Me Conoce - Remix,reggae,2019
Myke Towers,track,LALA,reggae,2023
Beéle,track,frente al mar,reggae,2024
J Balvin,track,LA CANCIÓN,reggae,2019
Myke Towers,track,LA FALDA,reggae,2023
Bad Bunny,track,Ojitos Lindos,reggae,2022
Manuel Turizo,track,La Bachata,reggae,2022
Beéle,track,morena,reggae,2023
Bad Bunny,track,Moscow Mule,reggae,2022
KAROL G,track,AMARGURA,reggae,2023
Ozuna,track,Hey Mor,reggae,2022
FloyyMenor,track,Gata Only,reggae,2024
Myke Towers,track,Piensan,reggae,2020
Bryant Myers,track,Como Panas,reggae,2020
Ele A El Dominio,track,Hace Mucho Tiempo,reggae,2020
Bad Bunny,track,PERRO NEGRO,reggae,2023
Beéle,track,Loco,reggae,2019
Manuel Turizo,track,La Bachata,reggae,2023
Myke Towers,track,Girl,reggae,2020
Jay Wheeler,track,La Curiosidad,reggae,2020
Bad Bunny,track,Enséñame a Bailar,reggae,2022
JHAYCO,track,Ley Seca,reggae,2021
Myke Towers,track,ALMAS GEMELAS,reggae,2021
Rauw Alejandro,track,Desesperados,reggae,2021
Myke Towers,track,Tú,reggae,2020
Myke Towers,track,ADIVINO,reggae,2024
Bad Bunny,track,Tarot,reggae,2022
Myke Towers,track,TAMBIÉN,reggae,2024
KAROL G,track,TQG,reggae,2023
KAROL G,track,PROVENZA,reggae,2023
Danny Ocean,track,Me Rehúso,reggae,2019
Feid,track,Feliz Cumpleaños Ferxxo,reggae,2022
Myke Towers,track,Relación Rota,reggae,2020
Anuel AA,track,Hasta Que Dios Diga,reggae,2020
Rauw Alejandro,track,La Old Skul,reggae,2021
KAROL G,track,QLONA,reggae,2023
Gaby Music,track,No Te Quieren Conmigo,reggae,2023
Feid,track,Normal,reggae,2022
Anuel AA,track,OA,reggae,2023
JHAYCO,track,CÓMO SE SIENTE - Remix,reggae,2020
J Balvin,track,Azul,reggae,2020
Bad Bunny,track,Tití Me Preguntó,reggae,2022
Rauw Alejandro,track,DILUVIO,reggae,2023
FloyyMenor,track,PELIGROSA,reggae,2024
Manuel Turizo,track,Qué Pecao,reggae,2024
Bryant Myers,track,Chi-Partner,reggae,2024
Myke Towers,track,LA CAPI,reggae,2023
Myke Towers,track,Si Se Da - Remix,reggae,2019
Rauw Alejandro,track,El Efecto,reggae,2019
Myke Towers,track,HORA CERO,reggae,2023
Bad Bunny,track,Me Porto Bonito,reggae,2022
JHAYCO,track,Dile (Homenaje),reggae,2021
Tainy,track,MOJABI GHOST,reggae,2023
Ozuna,track,Despeinada,reggae,2020
J Balvin,track,QUE PRETENDES,reggae,2019
Maluma,track,Hawái,reggae,2020
Bryant Myers,track,Air Drop,reggae,2021
Rvssian,track,Santa,reggae,2024
Feid,track,SORRY 4 THAT MUCH,reggae,2024
Rauw Alejandro,track,LOKERA,reggae,2023
Rauw Alejandro,track,Cúrame,reggae,2021
Bad Bunny,track,La Santa,reggae,2020
KAROL G,track,MI EX TENÍA RAZÓN,reggae,2023
Bad Bunny,track,NO ME QUIERO CASAR,reggae,2023
Rauw Alejandro,track,Todo De Ti,reggae,2021
Tainy,track,Adicto (with Anuel AA & Ozuna),reggae,2019
Sebastian Yatra,track,Pareja Del Año,reggae,2022
JHAYCO,track,Tokyo,reggae,2021
Chris Jedi,track,PERREO LENTO,reggae,2024
Bryant Myers,track,Garchin,reggae,2024
Anuel AA,track,¿Qué Nos Pasó?,reggae,2022
Boza,track,orióN,reggae,2024
Bad Bunny,track,120,reggae,2020
Lunay,track,Soltera (Remix),reggae,2019
Sebastian Yatra,track,Tacones Rojos,reggae,2022
Brytiago,track,Kilerito,reggae,2024
KAROL G,track,X SI VOLVEMOS,reggae,2023
Myke Towers,track,LVCC,reggae,2020
Feid,track,CLASSY 101,reggae,2023
Bad Bunny,track,Me Fui de Vacaciones,reggae,2022
Bad Bunny,track,Yonaguni,reggae,2021
Myke Towers,track,Diosa,reggae,2020
KAROL G,track,GATITA GANGSTER,reggae,2023
Darell,track,Velitas,reggae,2019
Ozuna,track,Pa Ti Estoy,reggae,2023
Feid,track,Ferxxo 100,reggae,2022
Myke Towers,track,Bandido,reggae,2020
Bad Bunny,track,Efecto,reggae,2022
Ovy On The Drums,track,Inolvidable,reggae,2020
Bryant Myers,track,Tuss,reggae,2024
FloyyMenor,track,APAGA EL CEL,reggae,2024
Myke Towers,track,Inocente,reggae,2019
Ozuna,track,Baila Baila Baila - Remix,reggae,2019
Bad Bunny,track,DÁKITI,reggae,2020
Blessd,track,Mírame,reggae,2024
Camilo,track,Una Vida Pasada,reggae,2024
KAROL G,track,PERO TÚ,reggae,2023
Lunay,track,A Solas (Remix),reggae,2019
JHAYCO,track,Holanda,reggae,2023
Ozuna,track,Guay,reggae,2024
Feid,track,CHORRITO PA LAS ANIMAS,reggae,2022
Myke Towers,track,EXPERIMENTO,reggae,2021
Rauw Alejandro,track,Dile a El,reggae,2020
Bad Bunny,track,SEDA,reggae,2023
Bad Bunny,track,MONACO,reggae,2023
Rauw Alejandro,track,BABY HELLO,reggae,2023
KAROL G,track,CONTIGO (with Tiësto),reggae,2024
Bad Bunny,track,Neverita,reggae,2022
Sebastian Yatra,track,Tacones Rojos,reggae,2021
Rauw Alejandro,track,Desenfocao',reggae,2021
Bad Bunny,track,A Tu Merced,reggae,2020
KAROL G,track,EL BARCO,reggae,2021
Myke Towers,track,La Playa,reggae,2020
Bad Bunny,track,Safaera,reggae,2020
KAROL G,track,CONTIGO VOY A MUERTE,reggae,2021
Myke Towers,track,MIB,reggae,2020
Anuel AA,track,El Manual,reggae,2020
Reik,track,Indeciso,reggae,2019
Myke Towers,track,Hechizo,reggae,2020
Anuel AA,track,China,reggae,2019
Bad Bunny,track,Callaita,reggae,2022
Sebastian Yatra,track,Dharma,reggae,2022
J Balvin,track,UN PESO,reggae,2019
JHAYCO,track,Holanda,reggae,2024
Daddy Yankee,track,Con Calma,reggae,2019
JHAYCO,track,Passoa,reggae,2024
Wisin & Yandel,track,Besos Moja2,reggae,2022
Abraham Mateo,track,Quiero Decirte,reggae,2022
Anuel AA,track,23 Preguntas,reggae,2021
Maluma,track,Según Quién,reggae,2023
Rauw Alejandro,track,Tattoo - Remix with Camilo,reggae,2020
Bad Bunny,track,LA NOCHE DE ANOCHE,reggae,2020
Myke Towers,track,La Playa,reggae,2019
Bad Bunny,track,Un Coco,reggae,2022
KAROL G,track,UNA NOCHE EN MEDELLÍN - REMIX,reggae,2023
JHAYCO,track,Mami Chula,reggae,2024
Myke Towers,track,COMPETENCIA,reggae,2024
Sebastian Yatra,track,Energía Bacana,reggae,2023
Myke Towers,track,Otro,reggae,2020
Oques Grasses,track,Elefants,reggae,2021
Super Yei,track,La Forma en Que Me Miras,reggae,2020
Sech,track,911 (Remix),reggae,2021
Bryant Myers,track,Hunnids,reggae,2023
Bad Bunny,track,Otro Atardecer,reggae,2022
Feid,track,LUCES DE TECNO,reggae,2023
Bad Bunny,track,Dos Mil 16,reggae,2022
Bad Bunny,track,Una Vez,reggae,2020
Bryant Myers,track,Ganas Sobran,reggae,2019
Arcángel,track,La Jumpa,reggae,2022
Bad Bunny,track,Andrea,reggae,2022
Lunay,track,Aventura,reggae,2019
Myke Towers,track,MÍRENME AHORA,reggae,2021
Boza,track,Hecha Pa' Mi,reggae,2020
Dalex,track,Pa Mí (Remix),reggae,2019
Feid,track,FERXXO 151,reggae,2023
Rauw Alejandro,track,Fantasias,reggae,2019
Dalex,track,Cuaderno,reggae,2019
DJ Luian,track,Verte Ir,reggae,2019
Myke Towers,track,Explícito,reggae,2020
KEVVO,track,105 F Remix,reggae,2019
Sebastian Yatra,track,Pareja Del Año,reggae,2021
Nicky Jam,track,CALOR,reggae,2024
Maluma,track,Aloha,reggae,2021
Boy Wonder CF,track,"0 Sentimientos (Remix) [feat. Baby Rasta, Darkiel, Messiah & Lyan]",reggae,2023
Sebastian Yatra,track,Chica Ideal,reggae,2022
Feid,track,PORFA,reggae,2020
Bad Bunny,track,THUNDER Y LIGHTNING,reggae,2023
Myke Towers,track,OTRA NOCHE (feat. Darell),reggae,2024
Becky G,track,MAMIII,reggae,2022
Bad Bunny,track,25/8,reggae,2020
Alejo,track,Pantysito,reggae,2022
Bad Bunny,track,TELEFONO NUEVO,reggae,2023
KAROL G,track,Créeme,reggae,2019
Chris Jedi,track,La Llevo Al Cielo (Ft. Ñengo Flow),reggae,2022
Yandel,track,Yandel 150,reggae,2022
Rauw Alejandro,track,Ponte Pa' Mi,reggae,2020
KAROL G,track,CAIRO,reggae,2023
Bad Bunny,track,Si Veo a Tu Mamá,reggae,2020
Anuel AA,track,Keii,reggae,2020
Dayme y El High,track,"Ajena (with Myke Towers, Dylan Fuentes)",reggae,2019
Bad Bunny,track,Un Ratito,reggae,2022
JHAYCO,track,Imaginaste,reggae,2019
Bad Bunny,track,Aguacero,reggae,2022
Mau y Ricky,track,Desconocidos,reggae,2019
Camilo,track,Vida de Rico,reggae,2021
Bryant Myers,track,Embriagá,reggae,2020
Rauw Alejandro,track,Cosa Guapa,reggae,2021
Ele A El Dominio,track,No Podemos - Remix,reggae,2019
Becky G,track,Mayores,reggae,2019
Bad Bunny,track,HIBIKI,reggae,2023
Anuel AA,track,Esa Cruz,reggae,2021
Bad Bunny,track,Callaita,reggae,2019
Sech,track,Otro Trago - Remix,reggae,2019
Tainy,track,PASIEMPRE,reggae,2023
Bad Bunny,track,La Corriente,reggae,2022
Bryant Myers,track,"Acapella (feat. Bryant Myers, El Alfa, Jon Z, Myke Towers & Almighty)",reggae,2019
Bad Bunny,track,FINA,reggae,2023
KAROL G,track,PROVENZA,reggae,2022
Darell,track,Lollipop,reggae,2023
Camilo,track,BEBÉ,reggae,2021
Feid,track,Brickell,reggae,2024
Bad Bunny,track,Que Malo,reggae,2020
Oques Grasses,track,TOCA,reggae,2024
Feid,track,Si Te La Encuentras Por Ahí,reggae,2022
Rauw Alejandro,track,QUÉ RICO CH**GAMOS,reggae,2023
Farruko,track,Pepas,reggae,2021
KAROL G,track,KÁRMIKA,reggae,2023
Maluma,track,COCO LOCO,reggae,2023
Bad Bunny,track,BOOKER T,reggae,2020
Rauw Alejandro,track,DE CAROLINA,reggae,2023
JHAYCO,track,Medusa,reggae,2020
Bad Bunny,track,Yo No Soy Celoso,reggae,2022
KEVIN ROLDAN,track,HASTA ABAJO,reggae,2019
KAROL G,track,Tusa,reggae,2019
Oques Grasses,track,Serem Ocells,reggae,2019
Abraham Mateo,track,Quiero Decirte,reggae,2024
Chris Jedi,track,BAD BOY,reggae,2024
Don Omar,track,Pobre Diabla,reggae,2019
J Balvin,track,Qué Más Pues?,reggae,2021
Dalex,track,Hola - Remix,reggae,2022
Camilo,track,Millones,reggae,2021
Manuel Turizo,track,Quiéreme Mientras Se Pueda,reggae,2021
Bad Bunny,track,Bichiyal,reggae,2020
Bad Bunny,track,La Zona,reggae,2020
Bad Bunny,track,NADIE SABE,reggae,2023
Reik,track,Me Niego (feat. Ozuna & Wisin),reggae,2019
Yandel,track,Yandel 150,reggae,2023
Bad Bunny,track,Soliá,reggae,2020
Myke Towers,track,Parcerita,reggae,2020
Nicky Jam,track,X,reggae,2019
Ñengo Flow,track,Profecía,reggae,2020
J Balvin,track,Rojo,reggae,2020
Yng Lvcas,track,La Bebe - Remix,reggae,2023
Anuel AA,track,China,reggae,2020
Bad Bunny,track,Agosto,reggae,2022
Beéle,track,Santorini,reggae,2023
Feid,track,FRIKI,reggae,2021
Rauw Alejandro,track,PUNTO 40,reggae,2023
Bad Bunny,track,La Difícil,reggae,2020
Sebastian Yatra,track,Una Noche Sin Pensar,reggae,2023
Jay Wheeler,track,PACTO (feat. Bryant Myers & Dei V) - Remix,reggae,2023
Bad Bunny,track,LA DROGA,reggae,2020
NATTI NATASHA,track,La Mejor Versión de Mi - Remix,reggae,2019
Rauw Alejandro,track,Sexo Virtual,reggae,2021
Rauw Alejandro,track,Detective,reggae,2019
Ele A El Dominio,track,Codeine Crazy - Spanish Remix,reggae,2019
KAROL G,track,Culpables,reggae,2019
Almighty,track,Fluye,reggae,2019
Rvssian,track,Nostálgico,reggae,2021
Bryant Myers,track,Gan-Ga - Remix,reggae,2019
Ozuna,track,Una Locura,reggae,2020
Tainy,track,PARANORMAL,reggae,2023
Nio Garcia,track,La Jeepeta - Remix,reggae,2020
Ñejo,track,Mi Estilo de Vida II,reggae,2020
Beéle,track,Si Te Interesa,reggae,2021
Abraham Mateo,track,Tienes Que Saber,reggae,2024
Rauw Alejandro,track,CORAZÓN DESPEINADO,reggae,2023
Anuel AA,track,North Carolina,reggae,2021
Anuel AA,track,Mas Rica Que Ayer,reggae,2023
FloyyMenor,track,TU TA RICA,reggae,2024
Feid,track,Prohibidox,reggae,2022
Bad Bunny,track,Party,reggae,2022
Feid,track,REMIX EXCLUSIVO,reggae,2023
Ovy On The Drums,track,DESATAAA,reggae,2024
Anuel AA,track,Reggaetonera,reggae,2020
Feid,track,Le Pido a DIOS,reggae,2022
Noriel,track,Cuerpo en Venta,reggae,2019
Danny Ocean,track,Volare,reggae,2022
KAROL G,track,EL MAKINON,reggae,2021
JHAYCO,track,Mami Chula,reggae,2023
Darell,track,Sexy Sensual,reggae,2024
J Balvin,track,Morado,reggae,2020
Maluma,track,Madrid (feat. Myke Towers),reggae,2020
Brray,track,Corazón Roto pt. 3,reggae,2023
Anuel AA,track,Secreto,reggae,2019
FloyyMenor,track,Gata Only (Remix),reggae,2024
Justin Quiles,track,Loco,reggae,2021
Abraham Mateo,track,Maníaca,reggae,2023
Jay Wheeler,track,Suelta,reggae,2022
Myke Towers,track,LO LOGRÉ,reggae,2023
Sech,track,Que Mas Pues - Remix,reggae,2019
Myke Towers,track,Traicionera,reggae,2019
Sebastian Yatra,track,Vuelve,reggae,2019
Maluma,track,11 PM,reggae,2019
